Lambda,dt,Energy Component,Slope,Intercept,R-value,P-value,Std Err,R-squared,Standard Deviation,Start Time,End Time,Min Time,Max Time
0.00000000,0.0005,Etot_1,0.2878211028123417,-0.4261959994294262,0.9712528322600135,0.0,0.0003154879057881387,0.9433320641730979,8.554600081178439,1.001,100.999,1.001,100.999
0.00000000,0.001,Etot_1,0.7796852930990059,-4.5484272840493105,0.9966408368336314,0.0,0.000286529850083855,0.993292957644441,22.583437138398953,1.001,100.999,1.001,100.999
0.00000000,0.002,Etot_1,3.7751005204697394,-2.6209196819567637,0.9993852114637308,0.0,0.0005922845494051233,0.998770800892406,109.0448045595424,1.001,100.999,1.001,100.999
0.00000000,0.0025,Etot_1,5.2713186966499315,-18.09995853914654,0.9986316816474345,0.0,0.0012345184289670698,0.997265235589983,152.37836550838324,1.001,100.999,1.001,100.999
0.00000000,0.00333333,Etot_1,10.147875803020742,-8.219261954914316,0.9993390347956768,0.0,0.0016508913686153369,0.9986785064663548,293.13740188178355,1.001,100.9989,1.001,100.9989
0.00000000,0.004,Etot_1,14.812000523534003,-20.908408676326758,0.9996272487138839,0.0,0.002694827371951245,0.9992546363712891,192.8018113092494,1.001,46.073,1.001,46.073
